-1.598391804691345897e-06,1.459679083382070530e-06,-4.293653546483255923e-06,1.216318196384236217e-06,6.345036905258893967e-03,-1.064928531646728516e+00,-1.550871506333351135e-02,-2.270563840866088867e+00,2.669757418334484100e-02,1.517493605613708496e+00,7.192675471305847168e-01,3.349551931023597717e-02,-3.338605910539627075e-02
-2.222237526439130306e-06,3.962858045269967988e-06,-4.994277333025820553e-06,1.281232016481226310e-05,-2.350155729800462723e-03,-1.147457480430603027e+00,2.341536805033683777e-02,-2.322157621383666992e+00,6.408296525478363037e-03,1.655745387077331543e+00,7.349140644073486328e-01,3.869594261050224304e-02,-3.869076818227767944e-02
-1.714415361675492022e-06,2.997192950715543702e-06,-4.694658400694606826e-06,1.521664671599864960e-05,-8.224547840654850006e-03,-1.268303155899047852e+00,7.389373332262039185e-02,-2.422603845596313477e+00,-1.837682910263538361e-02,1.836591958999633789e+00,7.727458477020263672e-01,3.901243209838867188e-02,-3.909326344728469849e-02
-1.164192099167848937e-06,1.190426814901002217e-06,-5.988114935462363064e-06,2.094838464472559281e-06,-8.035334758460521698e-03,-1.325012087821960449e+00,1.054649576544761658e-01,-2.496477603912353516e+00,-1.945586688816547394e-02,1.952557086944580078e+00,7.902996540069580078e-01,3.918457403779029846e-02,-3.929391130805015564e-02
-8.779210958209660021e-08,2.030268433372839354e-06,-4.508820438786642626e-06,1.496438585490977857e-06,-8.656883612275123596e-03,-1.380234718322753906e+00,1.171534806489944458e-01,-2.522383451461791992e+00,-3.250808268785476685e-02,2.067749977111816406e+00,8.200426697731018066e-01,3.931632637977600098e-02,-3.946164995431900024e-02
1.555403343900252366e-07,1.234932369698071852e-06,-4.668209840019699186e-06,1.972387337900727289e-07,-8.540114387869834900e-03,-1.429330468177795410e+00,1.071864962577819824e-01,-2.553911209106445312e+00,-2.892882004380226135e-02,2.195758104324340820e+00,8.612694740295410156e-01,3.943080827593803406e-02,-3.958777338266372681e-02
-6.130295560069498606e-07,-5.055906967754708603e-06,-3.966375516029074788e-06,-4.838781933358404785e-06,-1.164940465241670609e-02,-1.407828211784362793e+00,1.116917282342910767e-01,-2.590146064758300781e+00,-2.578176744282245636e-02,2.315189123153686523e+00,8.832125663757324219e-01,3.953576833009719849e-02,-3.967599943280220032e-02
-1.835879714917609817e-07,6.015222311361867469e-07,-1.632081534808094148e-06,5.367047833715332672e-06,-1.719487272202968597e-02,-1.371800541877746582e+00,1.074806675314903259e-01,-2.548609256744384766e+00,-1.890273019671440125e-02,2.342072725296020508e+00,9.148014187812805176e-01,3.961780294775962830e-02,-3.974916785955429077e-02
-4.272205273991858121e-07,5.937025662205996923e-07,-1.015937414194922894e-06,3.352876092321821488e-06,-2.314932085573673248e-02,-1.373227596282958984e+00,1.083100140094757080e-01,-2.527608156204223633e+00,-2.365385368466377258e-02,2.427394866943359375e+00,9.437013268470764160e-01,3.969649225473403931e-02,-3.979511186480522156e-02
-9.816710644372506067e-07,-2.263984129058371764e-07,-1.651662728363589849e-06,4.703311446974112187e-07,-3.149802610278129578e-02,-1.359080195426940918e+00,1.123953834176063538e-01,-2.497336387634277344e+00,-3.437853232026100159e-02,2.529634475708007812e+00,9.590529203414916992e-01,3.976412117481231689e-02,-3.982754424214363098e-02
-1.100341933124582283e-06,-7.984175454112119041e-08,-7.673254913242999464e-06,6.820962425990728661e-07,-3.819040581583976746e-02,-1.339343905448913574e+00,1.245632022619247437e-01,-2.465723752975463867e+00,-3.781244158744812012e-02,2.620499610900878906e+00,9.759621620178222656e-01,3.982039913535118103e-02,-3.985162824392318726e-02
-4.335282142164942343e-07,-9.393738196195045020e-07,-2.169667277485132217e-05,1.727946823848469649e-06,-3.447265923023223877e-02,-1.312453746795654297e+00,1.427224129438400269e-01,-2.447171688079833984e+00,-1.892852596938610077e-02,2.709039211273193359e+00,9.786398410797119141e-01,3.986684232950210571e-02,-3.986975178122520447e-02
-9.639659310778370127e-07,-1.536988179395848420e-06,-3.844265302177518606e-05,-8.820532571007788647e-07,-9.367241524159908295e-03,-1.275511860847473145e+00,1.580598652362823486e-01,-2.424231767654418945e+00,3.962385654449462891e-02,2.744208335876464844e+00,9.426137208938598633e-01,3.990833833813667297e-02,-3.988019004464149475e-02
-2.333257953068823554e-06,-1.662841668803594075e-06,-3.700885645230300725e-05,2.738297268933820305e-07,1.881886739283800125e-03,-1.217161655426025391e+00,1.946916133165359497e-01,-2.376114368438720703e+00,7.789621502161026001e-02,2.748119115829467773e+00,9.351935386657714844e-01,3.994413465261459351e-02,-3.988605365157127380e-02
-3.802696028287755325e-06,-2.503042196622118354e-06,-2.985625360452104360e-05,3.618935977556247963e-07,-7.213201373815536499e-03,-1.158021450042724609e+00,2.408923655748367310e-01,-2.326150894165039062e+00,7.723386585712432861e-02,2.730756759643554688e+00,9.515324831008911133e-01,3.997117653489112854e-02,-3.989244252443313599e-02
-4.261117283022031188e-06,-1.993568730540573597e-06,-3.562614438124001026e-05,1.791840873011096846e-06,-2.776690386235713959e-02,-1.098030686378479004e+00,3.017994761466979980e-01,-2.275988817214965820e+00,4.923236742615699768e-02,2.729435682296752930e+00,9.820129871368408203e-01,3.998991474509239197e-02,-3.990058600902557373e-02
-3.042851403733948246e-06,-1.609982859918090980e-06,-2.985622450069058686e-05,3.067041689064353704e-06,-4.556010290980339050e-02,-1.051735758781433105e+00,3.504967391490936279e-01,-2.237186670303344727e+00,2.776646800339221954e-02,2.738418817520141602e+00,1.027142882347106934e+00,3.998843207955360413e-02,-3.992361575365066528e-02
-1.646827399781614076e-06,-2.587029939604690298e-06,-1.885620622488204390e-05,2.270606955789844505e-06,-6.069355085492134094e-02,-1.015755057334899902e+00,3.686955273151397705e-01,-2.217428207397460938e+00,8.022502064704895020e-03,2.751383781433105469e+00,1.056528210639953613e+00,3.997924923896789551e-02,-3.995011001825332642e-02
-1.148904175352072343e-06,-3.058746187889482826e-06,-1.408336083841277286e-05,2.931814151452272199e-06,-7.525187730789184570e-02,-9.659187793731689453e-01,3.771858215332031250e-01,-2.204835414886474609e+00,-9.743268601596355438e-03,2.786243200302124023e+00,1.069883227348327637e+00,3.997446596622467041e-02,-3.996879607439041138e-02
-9.906844979923334904e-07,-2.934770236606709659e-06,-1.393567436025477946e-05,2.755027935563703068e-06,-8.872142434120178223e-02,-9.226123690605163574e-01,3.816080689430236816e-01,-2.200340509414672852e+00,-2.901571430265903473e-02,2.834929704666137695e+00,1.080170869827270508e+00,3.997183591127395630e-02,-3.998259454965591431e-02
-1.021647335619491059e-06,-2.691496320039732382e-06,-1.629636608413420618e-05,2.391469024587422609e-06,-1.011139675974845886e-01,-8.803056478500366211e-01,3.859201967716217041e-01,-2.189150810241699219e+00,-4.663406684994697571e-02,2.872944116592407227e+00,1.087452888488769531e+00,3.996995463967323303e-02,-3.999344632029533386e-02
-9.548903108225204051e-07,-2.739679302976583131e-06,-1.600787618372123688e-05,1.828286144700541627e-06,-1.127428263425827026e-01,-8.387363553047180176e-01,3.901913166046142578e-01,-2.171448230743408203e+00,-6.222534179687500000e-02,2.898259162902832031e+00,1.093845963478088379e+00,3.996726498007774353e-02,-4.000128433108329773e-02
-6.669405934189853724e-07,-3.866916358674643561e-06,-9.003932063933461905e-06,6.677763053630769718e-07,-1.243838593363761902e-01,-7.971089482307434082e-01,3.947952091693878174e-01,-2.150866985321044922e+00,-7.806534320116043091e-02,2.919392108917236328e+00,1.100623726844787598e+00,3.996562585234642029e-02,-4.000145941972732544e-02
-7.114680556696839631e-06,-3.202550942660309374e-05,3.188201299053616822e-05,-1.286099268327234313e-05,-1.349864155054092407e-01,-7.659287452697753906e-01,4.008373022079467773e-01,-2.132850170135498047e+00,-9.449121356010437012e-02,2.935904026031494141e+00,1.112902998924255371e+00,4.003210738301277161e-02,-4.000167921185493469e-02
-2.675144787644967437e-05,-9.366518497699871659e-05,4.918154445476830006e-05,-1.583722405484877527e-05,-1.381075978279113770e-01,-7.681807875633239746e-01,4.021237194538116455e-01,-2.133126020431518555e+00,-1.022902354598045349e-01,2.937954664230346680e+00,1.131108164787292480e+00,4.001003876328468323e-02,-3.675482049584388733e-02
-3.608951374189928174e-05,-1.098758439184166491e-04,8.622459063190035522e-06,1.456549938438911340e-07,-1.303575187921524048e-01,-7.890251874923706055e-01,3.982799053192138672e-01,-2.142507076263427734e+00,-9.629025310277938843e-02,2.922115087509155273e+00,1.133501768112182617e+00,1.952029019594192505e-02,-1.888944581151008606e-02
-4.539038855000399053e-05,-1.054864696925505996e-04,-1.055802786140702665e-04,-1.976956809812691063e-05,-9.787696599960327148e-02,-8.762460947036743164e-01,3.773621320724487305e-01,-2.187342166900634766e+00,-6.254497170448303223e-02,2.876327514648437500e+00,1.125762939453125000e+00,1.650010421872138977e-02,-5.174652207642793655e-03
-4.820554386242292821e-05,-1.022930809995159507e-04,-1.517812925158068538e-04,-2.144096288247965276e-05,-5.521131679415702820e-02,-9.827935099601745605e-01,3.496730029582977295e-01,-2.249746322631835938e+00,-1.310745999217033386e-02,2.849975347518920898e+00,1.101523041725158691e+00,1.519935671240091324e-02,-5.852798465639352798e-03
-4.699137571151368320e-05,-1.015235320664942265e-04,-1.382157497573643923e-04,-3.101614493061788380e-05,-2.008782327175140381e-02,-1.076623201370239258e+00,3.234999179840087891e-01,-2.309945344924926758e+00,3.578507527709007263e-02,2.856809139251708984e+00,1.079506039619445801e+00,1.383652444928884506e-02,-7.471442222595214844e-03
-4.884185545961372554e-05,-9.912754467222839594e-05,-1.517942000646144152e-04,-3.212189403711818159e-05,4.853076243307441473e-04,-1.168571829795837402e+00,3.024744391441345215e-01,-2.370597839355468750e+00,6.900286674499511719e-02,2.885334968566894531e+00,1.072219133377075195e+00,1.295015122741460800e-02,-8.909172378480434418e-03
-5.375346154323779047e-05,-9.558364399708807468e-05,-1.913031883304938674e-04,-3.908714279532432556e-05,1.332645304501056671e-02,-1.254993319511413574e+00,2.826517224311828613e-01,-2.424333572387695312e+00,8.939785510301589966e-02,2.914549827575683594e+00,1.057736873626708984e+00,1.266137231141328812e-02,-9.882250800728797913e-03
-5.816186967422254384e-05,-9.114482236327603459e-05,-2.236057334812358022e-04,-3.971577461925335228e-05,1.575035974383354187e-02,-1.339290499687194824e+00,2.626832127571105957e-01,-2.473390102386474609e+00,1.099393293261528015e-01,2.945156812667846680e+00,1.074232220649719238e+00,1.216244045644998550e-02,-1.143470406532287598e-02
-6.372932693921029568e-05,-8.556990360375493765e-05,-2.618485596030950546e-04,-3.672794264275580645e-05,5.270049907267093658e-03,-1.420430064201354980e+00,2.414486110210418701e-01,-2.508900880813598633e+00,1.296890527009963989e-01,2.948683977127075195e+00,1.128474950790405273e+00,1.163026504218578339e-02,-1.341179478913545609e-02
-6.987680535530671477e-05,-7.706303586019203067e-05,-3.174289886374026537e-04,-2.819038127199746668e-05,-1.282505970448255539e-02,-1.508940100669860840e+00,2.107564359903335571e-01,-2.527961730957031250e+00,1.439444124698638916e-01,2.902542829513549805e+00,1.198510646820068359e+00,1.186695322394371033e-02,-1.481544505804777145e-02
-8.245065691880881786e-05,-6.031753218849189579e-05,-4.196384397801011801e-04,-1.376785530737834051e-05,-1.749149709939956665e-02,-1.596202492713928223e+00,1.583301573991775513e-01,-2.524181127548217773e+00,1.631950438022613525e-01,2.803402423858642578e+00,1.237879872322082520e+00,1.358701381832361221e-02,-1.490104850381612778e-02
-1.000085030682384968e-04,-3.580854536266997457e-05,-5.137030966579914093e-04,8.362499670511169825e-07,-2.787189930677413940e-02,-1.671598553657531738e+00,8.468847721815109253e-02,-2.499929666519165039e+00,1.669704318046569824e-01,2.680142402648925781e+00,1.269342541694641113e+00,1.554690394550561905e-02,-1.490340102463960648e-02
-1.293786190217360854e-04,1.073622570402221754e-05,-6.525001954287290573e-04,1.273545494768768549e-04,-4.223630577325820923e-02,-1.728577136993408203e+00,-8.204807527363300323e-03,-2.463809013366699219e+00,1.582682281732559204e-01,2.564049959182739258e+00,1.272763133049011230e+00,1.695987023413181305e-02,-1.549716759473085403e-02
-1.607336889719590545e-04,7.210166222648695111e-05,-7.528912392444908619e-04,3.453208482824265957e-04,-3.839652240276336670e-02,-1.760725140571594238e+00,-1.071448996663093567e-01,-2.428332090377807617e+00,1.802369952201843262e-01,2.488432645797729492e+00,1.195253252983093262e+00,1.789137721061706543e-02,-1.648433692753314972e-02
-1.746422785799950361e-04,1.091489975806325674e-04,-7.642884156666696072e-04,2.962360740639269352e-04,-2.709294855594635010e-02,-1.763072133064270020e+00,-1.906393319368362427e-01,-2.383159160614013672e+00,2.663174569606781006e-01,2.435885190963745117e+00,1.063836216926574707e+00,2.405153959989547729e-02,-1.387097034603357315e-02
-1.819569879444316030e-04,1.266798062715679407e-04,-7.675638189539313316e-04,2.643791085574775934e-04,-1.860478706657886505e-02,-1.763035416603088379e+00,-2.517276108264923096e-01,-2.314505338668823242e+00,4.163075983524322510e-01,2.389027833938598633e+00,8.906520009040832520e-01,3.488637134432792664e-02,-3.093706630170345306e-02
-1.820867182686924934e-04,1.279867137782275677e-04,-7.794744451530277729e-04,2.635798591654747725e-04,-2.378799393773078918e-02,-1.762978434562683105e+00,-2.963981628417968750e-01,-2.191629409790039062e+00,5.390976071357727051e-01,2.287142992019653320e+00,7.463459968566894531e-01,3.926623985171318054e-02,-3.804726153612136841e-02
-1.852334971772506833e-04,1.264551101485267282e-04,-7.944293320178985596e-04,2.590625663287937641e-04,-2.789320982992649078e-02,-1.761096358299255371e+00,-3.115444779396057129e-01,-2.091507434844970703e+00,6.101627945899963379e-01,2.152327299118041992e+00,6.771167516708374023e-01,3.956061974167823792e-02,-3.853434696793556213e-02
-1.863122743088752031e-04,1.250527711817994714e-04,-7.972835446707904339e-04,2.553565718699246645e-04,-2.175253815948963165e-02,-1.742397427558898926e+00,-2.760238647460937500e-01,-2.022344350814819336e+00,6.333347558975219727e-01,2.028187036514282227e+00,6.406588554382324219e-01,3.972271457314491272e-02,-3.874712064862251282e-02
-1.875514135463163257e-04,1.246377214556559920e-04,-7.937010377645492554e-04,2.548526099417358637e-04,-1.457333192229270935e-02,-1.724699616432189941e+00,-2.183679342269897461e-01,-1.981363892555236816e+00,6.413589715957641602e-01,1.946445107460021973e+00,5.879127383232116699e-01,3.983529284596443176e-02,-3.893581032752990723e-02
-1.874810550361871719e-04,1.237572141690179706e-04,-7.767842616885900497e-04,2.552074147388339043e-04,-9.660558775067329407e-03,-1.705032229423522949e+00,-1.606169641017913818e-01,-1.956523656845092773e+00,6.079974174499511719e-01,1.859058856964111328e+00,5.472833514213562012e-01,3.988581895828247070e-02,-3.912733122706413269e-02
-1.867721439339220524e-04,1.233033835887908936e-04,-7.490954594686627388e-04,2.595438563730567694e-04,-1.163381803780794144e-02,-1.690837979316711426e+00,-1.222003325819969177e-01,-1.956298351287841797e+00,5.002123713493347168e-01,1.772113204002380371e+00,5.162306427955627441e-01,3.990225121378898621e-02,-3.930550813674926758e-02
-1.885648089228197932e-04,1.237339602084830403e-04,-7.001980557106435299e-04,2.593742974568158388e-04,-1.870990358293056488e-02,-1.688207983970642090e+00,-6.536048650741577148e-02,-1.965568780899047852e+00,3.645998239517211914e-01,1.735187768936157227e+00,4.283247590065002441e-01,3.990223631262779236e-02,-3.946258127689361572e-02
-1.893954613478854299e-04,1.230795460287481546e-04,-6.372129428200423717e-04,2.587541821412742138e-04,-3.066011145710945129e-02,-1.685714125633239746e+00,1.538132876157760620e-02,-1.981018066406250000e+00,2.062561810016632080e-01,1.750199675559997559e+00,3.412073254585266113e-01,3.986173495650291443e-02,-3.962977975606918335e-02
-1.884416560642421246e-04,1.230216439580544829e-04,-5.856296629644930363e-04,2.636250283103436232e-04,-3.850419074296951294e-02,-1.695830941200256348e+00,1.032439395785331726e-01,-2.023703575134277344e+00,4.473983868956565857e-02,1.790535926818847656e+00,2.667420804500579834e-01,3.978966921567916870e-02,-3.980365395545959473e-02
-1.873133878689259291e-04,1.226110325660556555e-04,-5.422814865596592426e-04,2.651358663570135832e-04,-3.652917221188545227e-02,-1.725414156913757324e+00,1.691770851612091064e-01,-2.083580732345581055e+00,-1.151655241847038269e-01,1.793613433837890625e+00,2.148299366235733032e-01,3.969686105847358704e-02,-3.997767344117164612e-02
-1.842175115598365664e-04,1.239549310412257910e-04,-5.529801710508763790e-04,2.616123820189386606e-04,-2.428224310278892517e-02,-1.747709631919860840e+00,2.172876596450805664e-01,-2.143053054809570312e+00,-2.286789715290069580e-01,1.814300060272216797e+00,1.973953545093536377e-01,3.959658741950988770e-02,-4.003143683075904846e-02
-1.815258583519607782e-04,1.235379313584417105e-04,-5.568246706388890743e-04,2.560501452535390854e-04,4.195507615804672241e-03,-1.762954950332641602e+00,2.028287649154663086e-01,-2.168353796005249023e+00,-2.846311926841735840e-01,1.794236063957214355e+00,1.556116640567779541e-01,3.950450941920280457e-02,-4.003389924764633179e-02
-1.830986147979274392e-04,1.214107396663166583e-04,-5.315872258506715298e-04,2.460309769958257675e-04,2.295282855629920959e-02,-1.734345912933349609e+00,1.682105064392089844e-01,-2.189610242843627930e+00,-3.467368185520172119e-01,1.770075440406799316e+00,7.430134713649749756e-02,3.942841663956642151e-02,-4.003433138132095337e-02
-1.677060645306482911e-04,8.391228038817644119e-05,-4.565418057609349489e-04,1.346867938991636038e-04,1.797627098858356476e-02,-1.683892726898193359e+00,1.884937435388565063e-01,-2.195549249649047852e+00,-4.241078794002532959e-01,1.734709739685058594e+00,2.200563997030258179e-02,3.936361894011497498e-02,-4.003529995679855347e-02
-1.351081446046009660e-04,2.902522101067006588e-05,-3.466023772489279509e-04,-4.310723852540832013e-06,8.671914227306842804e-03,-1.653119921684265137e+00,2.552541494369506836e-01,-2.200864315032958984e+00,-5.021196603775024414e-01,1.702472925186157227e+00,-8.770068176090717316e-03,3.846094757318496704e-02,-4.003936424851417542e-02
-1.098928914871066809e-04,2.703222321542853024e-07,-2.513688814360648394e-04,-1.099568089557578787e-05,1.278067380189895630e-02,-1.641854763031005859e+00,2.641553282737731934e-01,-2.187013864517211914e+00,-5.901534557342529297e-01,1.636628389358520508e+00,-1.105595976114273071e-01,3.599962219595909119e-02,-4.004048928618431091e-02
-9.584949293639510870e-05,-1.729294308461248875e-05,-1.819704921217635274e-04,-3.481480462141917087e-06,2.069530449807643890e-02,-1.634566783905029297e+00,2.342472821474075317e-01,-2.176930189132690430e+00,-6.995512247085571289e-01,1.565021395683288574e+00,-2.785735726356506348e-01,3.650492429733276367e-02,-4.004099220037460327e-02
-9.446253534406423569e-05,-1.820220131776295602e-05,-1.611679326742887497e-04,2.211286300735082477e-06,2.434927783906459808e-02,-1.626657843589782715e+00,1.988538503646850586e-01,-2.196775913238525391e+00,-8.174683451652526855e-01,1.545101404190063477e+00,-4.321185648441314697e-01,3.770628944039344788e-02,-4.006841778755187988e-02
-9.277966455556452274e-05,-1.776590943336486816e-05,-1.412560668541118503e-04,1.030388557410333306e-05,2.785043790936470032e-02,-1.664562702178955078e+00,1.699800640344619751e-01,-2.263047695159912109e+00,-9.432618021965026855e-01,1.592978715896606445e+00,-5.190832614898681641e-01,3.803261741995811462e-02,-4.005689918994903564e-02
-9.139339090324938297e-05,-1.714219979476183653e-05,-1.274139503948390484e-04,2.002780092880129814e-05,3.317679092288017273e-02,-1.750773668289184570e+00,1.340885907411575317e-01,-2.366275310516357422e+00,-1.072833061218261719e+00,1.692965030670166016e+00,-5.614980459213256836e-01,3.822414949536323547e-02,-3.999476507306098938e-02
-9.305854473495855927e-05,-1.764995795383583754e-05,-1.162698317784816027e-04,-2.137436467819497921e-07,2.805314399302005768e-02,-1.762887120246887207e+00,1.081131324172019958e-01,-2.409210443496704102e+00,-1.176916241645812988e+00,1.757554292678833008e+00,-5.233240127563476562e-01,3.837176784873008728e-02,-4.004724696278572083e-02
-9.085791680263355374e-05,-1.715457983664236963e-05,-1.151060932897962630e-04,1.875282578112091869e-06,1.345202606171369553e-02,-1.762774705886840820e+00,8.578080683946609497e-02,-2.412317037582397461e+00,-1.144338607788085938e+00,1.704966545104980469e+00,-4.795245826244354248e-01,3.850712254643440247e-02,-4.001955687999725342e-02
-8.764407539274543524e-05,-1.706802868284285069e-05,-1.038143163896165788e-04,4.146435003349324688e-06,-4.838528111577033997e-04,-1.759626984596252441e+00,2.369699440896511078e-02,-2.398938894271850586e+00,-1.117146492004394531e+00,1.646066904067993164e+00,-4.628418385982513428e-01,3.893037512898445129e-02,-4.001866653561592102e-02
-8.671876275911927223e-05,-1.788243935152422637e-05,-9.605505329091101885e-05,8.980254278867505491e-06,-1.254953909665346146e-02,-1.745253562927246094e+00,-5.097286775708198547e-02,-2.383336544036865234e+00,-1.113573074340820312e+00,1.635844111442565918e+00,-4.717838764190673828e-01,3.932827338576316833e-02,-4.003851860761642456e-02
-8.737065218156203628e-05,-1.828107815526891500e-05,-9.201031207339838147e-05,1.171839267044560984e-05,-2.968229912221431732e-02,-1.729323267936706543e+00,-8.168901503086090088e-02,-2.368235111236572266e+00,-1.087624907493591309e+00,1.614295244216918945e+00,-4.930204749107360840e-01,3.934875503182411194e-02,-4.003849998116493225e-02
-8.588144555687904358e-05,-1.921242801472544670e-05,-1.003686702460981905e-04,-1.193452703773800749e-06,-4.484917223453521729e-02,-1.676375150680541992e+00,-1.070133298635482788e-01,-2.316815614700317383e+00,-9.980304241180419922e-01,1.534610986709594727e+00,-4.786244332790374756e-01,3.934143856167793274e-02,-4.003721848130226135e-02
-8.599976717960089445e-05,-2.098864570143632591e-05,-1.037908805301412940e-04,-2.048076794380904175e-06,-5.189878121018409729e-02,-1.536669611930847168e+00,-1.299612671136856079e-01,-2.176196813583374023e+00,-8.382211327552795410e-01,1.411536455154418945e+00,-4.009718298912048340e-01,3.926976770162582397e-02,-4.003581777215003967e-02
-8.717938908375799656e-05,-2.189334554714150727e-05,-9.796650556381791830e-05,3.444375579420011491e-06,-5.350027978420257568e-02,-1.382599115371704102e+00,-1.342194080352783203e-01,-2.019157886505126953e+00,-6.929697394371032715e-01,1.297279357910156250e+00,-3.010472059249877930e-01,3.925998881459236145e-02,-4.002911970019340515e-02
-8.958128455560654402e-05,-2.209653575846459717e-05,-7.885229570092633367e-05,1.221908314619213343e-05,-5.889998376369476318e-02,-1.273835659027099609e+00,-1.005927920341491699e-01,-1.912111163139343262e+00,-5.928152203559875488e-01,1.178446412086486816e+00,-1.617795526981353760e-01,3.927834704518318176e-02,-4.002445936203002930e-02
-8.923625136958435178e-05,-2.062268868030514568e-05,-3.048520920856390148e-05,2.174864312110003084e-05,-6.791418790817260742e-02,-1.215065479278564453e+00,-4.398421943187713623e-02,-1.864702224731445312e+00,-5.500206351280212402e-01,1.087198495864868164e+00,2.905405871570110321e-02,3.931123018264770508e-02,-4.002109915018081665e-02
-8.709675603313371539e-05,-1.906688339659012854e-05,3.594539157347753644e-05,2.369741741858888417e-05,-7.213403284549713135e-02,-1.194197654724121094e+00,-2.847628481686115265e-02,-1.836873054504394531e+00,-4.872228801250457764e-01,1.035006284713745117e+00,2.460240274667739868e-01,3.934478387236595154e-02,-4.001995176076889038e-02
-8.788389095570892096e-05,-1.917322515510022640e-05,9.696133929537609220e-05,2.530060555727686733e-05,-7.217873632907867432e-02,-1.189236402511596680e+00,-2.466735243797302246e-02,-1.818548083305358887e+00,-4.338096976280212402e-01,1.076436400413513184e+00,4.538531899452209473e-01,3.938884288072586060e-02,-4.001605138182640076e-02
-8.735776646062731743e-05,-1.890512794489040971e-05,1.626608718652278185e-04,2.890063115046359599e-05,-7.426027208566665649e-02,-1.207878828048706055e+00,-1.186530850827693939e-02,-1.834019660949707031e+00,-3.993698060512542725e-01,1.167173624038696289e+00,6.664613485336303711e-01,3.944068402051925659e-02,-4.001289978623390198e-02
-8.485821308568120003e-05,-2.090634552587289363e-05,2.044439752353355289e-04,1.754043478285893798e-05,-7.431241124868392944e-02,-1.194299817085266113e+00,-4.206822812557220459e-02,-1.821362614631652832e+00,-3.161851167678833008e-01,1.195021748542785645e+00,8.427367210388183594e-01,3.950655832886695862e-02,-4.000737145543098450e-02
-8.481447002850472927e-05,-2.337203113711439073e-05,2.046745648840442300e-04,1.531374095975479577e-06,-6.945791840553283691e-02,-1.090979099273681641e+00,-9.047246724367141724e-02,-1.717569589614868164e+00,-2.066346257925033569e-01,1.170879364013671875e+00,9.448574781417846680e-01,3.959842026233673096e-02,-4.000004380941390991e-02
-8.688542584422975779e-05,-2.400328594376333058e-05,2.057601814158260822e-04,3.040883484572987072e-06,-6.384114176034927368e-02,-9.522641897201538086e-01,-1.116037443280220032e-01,-1.554604887962341309e+00,-1.431548595428466797e-01,1.093633413314819336e+00,1.004390120506286621e+00,3.969813883304595947e-02,-3.997952491044998169e-02
-8.768445695750415325e-05,-2.487822712282650173e-05,1.996358914766460657e-04,1.004630303214071319e-05,-6.063545867800712585e-02,-8.529915213584899902e-01,-9.446677565574645996e-02,-1.482014656066894531e+00,-1.369603425264358521e-01,1.081502079963684082e+00,1.050369739532470703e+00,3.978952392935752869e-02,-3.995158895850181580e-02
-8.685053035151213408e-05,-2.519014014978893101e-05,2.055307122645899653e-04,1.184521624963963404e-05,-5.738238990306854248e-02,-7.770059704780578613e-01,-8.109176158905029297e-02,-1.469667792320251465e+00,-1.341473013162612915e-01,1.138037800788879395e+00,1.089153170585632324e+00,3.985694050788879395e-02,-3.993511572480201721e-02
-8.712157432455569506e-05,-2.501430572010576725e-05,2.034342469414696097e-04,1.127479026763467118e-05,-5.410642176866531372e-02,-7.032198905944824219e-01,-7.425440102815628052e-02,-1.460691213607788086e+00,-1.304622292518615723e-01,1.203027606010437012e+00,1.113642334938049316e+00,3.991224244236946106e-02,-3.992072120308876038e-02
-8.808938582660630345e-05,-2.278180181747302413e-05,1.994213962461799383e-04,1.509195317339617759e-05,-5.302390456199645996e-02,-6.556058526039123535e-01,-5.349241942167282104e-02,-1.456415414810180664e+00,-1.367481499910354614e-01,1.260374546051025391e+00,1.137986540794372559e+00,3.995436057448387146e-02,-3.991147130727767944e-02
-8.819444337859749794e-05,-2.174601286242250353e-05,2.002644905587658286e-04,1.585921927471645176e-05,-5.447488278150558472e-02,-6.495492458343505859e-01,-1.463966909795999527e-02,-1.495602369308471680e+00,-1.701126694679260254e-01,1.349661231040954590e+00,1.162528157234191895e+00,3.998542204499244690e-02,-3.990682587027549744e-02
-8.683061605552211404e-05,-2.280108128616120666e-05,2.107516193063929677e-04,1.515940311946906149e-05,-5.560911819338798523e-02,-6.386098861694335938e-01,-7.540593855082988739e-03,-1.540918231010437012e+00,-1.682264357805252075e-01,1.462047100067138672e+00,1.188750267028808594e+00,4.000271111726760864e-02,-3.990706428885459900e-02
-8.684219938004389405e-05,-2.214194500993471593e-05,2.110230998368933797e-04,1.494168827775865793e-05,-5.652722343802452087e-02,-6.213576793670654297e-01,-8.123806677758693695e-03,-1.572193384170532227e+00,-1.626471281051635742e-01,1.551277518272399902e+00,1.204286456108093262e+00,4.000422731041908264e-02,-3.990352526307106018e-02
-8.657203579787164927e-05,-2.325731657037977129e-05,2.120124991051852703e-04,1.349005015072179958e-05,-5.653649568557739258e-02,-5.936094522476196289e-01,-1.426261011511087418e-02,-1.580794930458068848e+00,-1.421146392822265625e-01,1.590966105461120605e+00,1.214623928070068359e+00,4.000568389892578125e-02,-3.989457339048385620e-02
-8.652516407892107964e-05,-2.377761120442301035e-05,2.127020125044509768e-04,1.173054533865069970e-05,-5.649151280522346497e-02,-5.488527417182922363e-01,-1.994712278246879578e-02,-1.568557739257812500e+00,-1.326638460159301758e-01,1.631056785583496094e+00,1.218844056129455566e+00,4.000626876950263977e-02,-3.988424688577651978e-02
-8.668829104863107204e-05,-2.415524068055674434e-05,2.102896978612989187e-04,1.149024046753766015e-05,-5.593752488493919373e-02,-4.955093860626220703e-01,-2.244112268090248108e-02,-1.544974088668823242e+00,-1.311088055372238159e-01,1.665343523025512695e+00,1.219893932342529297e+00,4.000662639737129211e-02,-3.987356275320053101e-02
-8.668580267112702131e-05,-2.407239662716165185e-05,2.100483688991516829e-04,1.151124615716980770e-05,-5.436036735773086548e-02,-4.419265091419219971e-01,-2.336945384740829468e-02,-1.519714832305908203e+00,-1.255920976400375366e-01,1.692872524261474609e+00,1.226443409919738770e+00,4.000659286975860596e-02,-3.986490145325660706e-02
-8.668345981277525425e-05,-2.373729876126162708e-05,2.102547296090051532e-04,1.093981245503528044e-05,-5.222529917955398560e-02,-3.901778161525726318e-01,-2.511945925652980804e-02,-1.492371797561645508e+00,-1.190814152359962463e-01,1.717148542404174805e+00,1.232945203781127930e+00,4.000668972730636597e-02,-3.985715284943580627e-02
-8.674989658175036311e-05,-2.325927744095679373e-05,2.099706907756626606e-04,1.025633173412643373e-05,-4.992441460490226746e-02,-3.472819328308105469e-01,-2.668244205415248871e-02,-1.458546161651611328e+00,-1.157330125570297241e-01,1.724899291992187500e+00,1.235674619674682617e+00,4.000693932175636292e-02,-3.985046595335006714e-02
-8.675301069160923362e-05,-2.324148772459011525e-05,2.100487472489476204e-04,1.041372979670995846e-05,-4.748093709349632263e-02,-3.027225434780120850e-01,-2.818111889064311981e-02,-1.422504901885986328e+00,-1.128652617335319519e-01,1.725448012351989746e+00,1.237248182296752930e+00,4.000673443078994751e-02,-3.984482213854789734e-02
-8.636017446406185627e-05,-2.285263508383650333e-05,2.160766307497397065e-04,1.018959028442623094e-05,-4.581247642636299133e-02,-2.636873126029968262e-01,-3.427293151617050171e-02,-1.386622309684753418e+00,-1.107346341013908386e-01,1.698090672492980957e+00,1.232741951942443848e+00,4.000634327530860901e-02,-3.984367102384567261e-02
-8.636123675387352705e-05,-2.288420182594563812e-05,2.155267284251749516e-04,9.943848453985992819e-06,-4.429530352354049683e-02,-2.238001376390457153e-01,-4.562956467270851135e-02,-1.346912860870361328e+00,-1.004000008106231689e-01,1.666589975357055664e+00,1.224902153015136719e+00,4.000629112124443054e-02,-3.984247148036956787e-02
-8.660148887429386377e-05,-2.230574682471342385e-05,2.119541750289499760e-04,1.019011506286915392e-05,-4.228008165955543518e-02,-1.899543255567550659e-01,-5.473066493868827820e-02,-1.306941747665405273e+00,-8.732508867979049683e-02,1.621398329734802246e+00,1.220171928405761719e+00,3.683449700474739075e-02,-3.657221049070358276e-02
-8.599561988376080990e-05,-2.389336805208586156e-05,2.157211856683716178e-04,3.255811679991893470e-05,-4.008007422089576721e-02,-1.698830425739288330e-01,-5.896802246570587158e-02,-1.273741483688354492e+00,-8.331004530191421509e-02,1.586534261703491211e+00,1.218646526336669922e+00,3.079309128224849701e-02,-2.758362330496311188e-02
-8.611891098553314805e-05,-2.067492641799617559e-05,2.166775229852646589e-04,2.613962169562000781e-05,-3.830674290657043457e-02,-1.718771457672119141e-01,-6.161104142665863037e-02,-1.250352025032043457e+00,-7.483054697513580322e-02,1.547735095024108887e+00,1.220660328865051270e+00,3.055430762469768524e-02,-2.754447422921657562e-02
-8.585418254369869828e-05,-2.003769259317778051e-05,2.209819213021546602e-04,2.027125265158247203e-05,-3.798642009496688843e-02,-1.955278962850570679e-01,-7.175255566835403442e-02,-1.204997181892395020e+00,-4.460612684488296509e-02,1.486624598503112793e+00,1.224255323410034180e+00,3.031819500029087067e-02,-2.758700773119926453e-02
-8.698621240910142660e-05,-1.911468825710471720e-05,2.055854856735095382e-04,1.821222394937649369e-05,-3.632413595914840698e-02,-2.246173024177551270e-01,-7.056062668561935425e-02,-1.162088394165039062e+00,-4.113679379224777222e-02,1.402696013450622559e+00,1.222539544105529785e+00,3.007053211331367493e-02,-2.763208188116550446e-02
-8.799877105047926307e-05,-1.795577736629638821e-05,1.934212777996435761e-04,1.663925286266021430e-05,-3.239231929183006287e-02,-2.764464914798736572e-01,-4.487629607319831848e-02,-1.162138462066650391e+00,-5.935551971197128296e-02,1.323554635047912598e+00,1.234118461608886719e+00,2.982608415186405182e-02,-2.767864614725112915e-02
-8.858757064444944263e-05,-1.660360976529773325e-05,1.871018321253359318e-04,1.813746348489075899e-05,-2.935896255075931549e-02,-3.624114096164703369e-01,-2.205252414569258690e-03,-1.218204021453857422e+00,-8.319368958473205566e-02,1.255117177963256836e+00,1.254796862602233887e+00,2.960292063653469086e-02,-2.772077731788158417e-02
-8.842138777254149318e-05,-1.478298054280458018e-05,1.927401754073798656e-04,2.016723919950891286e-05,-2.982542663812637329e-02,-4.883943796157836914e-01,3.207850828766822815e-02,-1.358564138412475586e+00,-8.095866441726684570e-02,1.217737078666687012e+00,1.282976865768432617e+00,2.938981913030147552e-02,-2.776408195495605469e-02
-8.893608173821121454e-05,-1.252933452633442357e-05,1.899320777738466859e-04,2.072087045235093683e-05,-3.246448561549186707e-02,-6.629085540771484375e-01,6.061850860714912415e-02,-1.557160258293151855e+00,-6.607241928577423096e-02,1.210695981979370117e+00,1.311413288116455078e+00,2.915546484291553497e-02,-2.781359665095806122e-02
-8.855298801790922880e-05,-1.233038892678450793e-05,1.948318531503900886e-04,2.225092248409055173e-05,-3.466935828328132629e-02,-8.774250149726867676e-01,9.259325265884399414e-02,-1.802825212478637695e+00,-5.825293809175491333e-02,1.247502326965332031e+00,1.319406270980834961e+00,2.891481854021549225e-02,-2.785772643983364105e-02
-8.620582957519218326e-05,-1.596945003257133067e-05,2.121140278177335858e-04,1.299021914746845141e-05,-3.521447628736495972e-02,-1.085149168968200684e+00,8.851103484630584717e-02,-2.055708646774291992e+00,-4.607896879315376282e-02,1.347148895263671875e+00,1.308281660079956055e+00,2.869295887649059296e-02,-2.788188494741916656e-02
-8.497894305037334561e-05,-1.936198168550617993e-05,2.188742510043084621e-04,-2.045624569291248918e-06,-3.834911435842514038e-02,-1.212177157402038574e+00,4.849006235599517822e-02,-2.234533786773681641e+00,-5.556598305702209473e-02,1.474177241325378418e+00,1.270538806915283203e+00,2.847084589302539825e-02,-2.790650911629199982e-02
-8.489360334351658821e-05,-2.086825952574145049e-05,2.116758405463770032e-04,-2.106772399201872759e-06,-4.218566045165061951e-02,-1.276199340820312500e+00,-3.874628571793437004e-03,-2.352337121963500977e+00,-4.566957056522369385e-02,1.559163331985473633e+00,1.227316021919250488e+00,2.826461754739284515e-02,-2.793702669441699982e-02
-8.585400064475834370e-05,-2.179641160182654858e-05,2.106390456901863217e-04,-1.233077682627481408e-06,-4.805370792746543884e-02,-1.304288148880004883e+00,-3.511620312929153442e-02,-2.443063259124755859e+00,-4.099694266915321350e-02,1.606444001197814941e+00,1.196248292922973633e+00,2.802457846701145172e-02,-2.797635644674301147e-02
-8.632073877379298210e-05,-2.340782884857617319e-05,2.077856479445472360e-04,-1.985285280170501210e-06,-5.640147998929023743e-02,-1.287879109382629395e+00,-5.852742493152618408e-02,-2.514097452163696289e+00,-5.401227250695228577e-02,1.642409205436706543e+00,1.178244233131408691e+00,2.778701297938823700e-02,-2.802766300737857819e-02
-8.682245243107900023e-05,-2.388733628322370350e-05,2.017926017288118601e-04,-9.056614658220496494e-07,-6.244463101029396057e-02,-1.238662123680114746e+00,-6.865034252405166626e-02,-2.551085472106933594e+00,-6.329155713319778442e-02,1.669082522392272949e+00,1.167231917381286621e+00,2.754743769764900208e-02,-2.808262780308723450e-02
-8.702187187736853957e-05,-2.328231312276329845e-05,1.990996242966502905e-04,2.598983428470091894e-07,-6.586280465126037598e-02,-1.197935581207275391e+00,-6.844963133335113525e-02,-2.590170860290527344e+00,-6.467217952013015747e-02,1.688868284225463867e+00,1.166087865829467773e+00,2.731572836637496948e-02,-2.813352830708026886e-02
-8.706431253813207150e-05,-2.181189847760833800e-05,1.999991509364917874e-04,2.144476951571050449e-07,-6.863918155431747437e-02,-1.173888802528381348e+00,-6.843781471252441406e-02,-2.639801025390625000e+00,-6.627653539180755615e-02,1.722444891929626465e+00,1.166092395782470703e+00,2.709156088531017303e-02,-2.817902900278568268e-02
-8.711068221600726247e-05,-2.117420626746024936e-05,2.000901295104995370e-04,-8.615921132104631397e-08,-7.220981270074844360e-02,-1.183122634887695312e+00,-7.042182236909866333e-02,-2.699538707733154297e+00,-6.811713427305221558e-02,1.759629130363464355e+00,1.166076660156250000e+00,2.687902748584747314e-02,-2.821444906294345856e-02
-8.678531594341620803e-05,-2.107479122059885412e-05,2.044015855062752962e-04,-1.434048613191407640e-06,-7.646428048610687256e-02,-1.200398564338684082e+00,-7.453705370426177979e-02,-2.758212327957153320e+00,-7.293348759412765503e-02,1.801039934158325195e+00,1.165451765060424805e+00,2.667295001447200775e-02,-2.824847958981990814e-02
-8.668845839565619826e-05,-2.149993088096380234e-05,2.036879741353914142e-04,-7.751597763672180008e-07,-8.272821456193923950e-02,-1.199301838874816895e+00,-9.141640365123748779e-02,-2.800276756286621094e+00,-8.709940314292907715e-02,1.847859144210815430e+00,1.155857801437377930e+00,2.647731639444828033e-02,-2.827502042055130005e-02
-8.701795741217210889e-05,-2.165434125345200300e-05,1.983759138965979218e-04,-9.830492899709497578e-07,-8.521034568548202515e-02,-1.197505116462707520e+00,-9.557139873504638672e-02,-2.829533338546752930e+00,-8.835475146770477295e-02,1.882354259490966797e+00,1.149073958396911621e+00,2.630357258021831512e-02,-2.828624099493026733e-02
-8.686016371939331293e-05,-2.224286436103284359e-05,1.987214782275259495e-04,-9.352557412967144046e-07,-8.548673242330551147e-02,-1.181510567665100098e+00,-9.697622060775756836e-02,-2.847198963165283203e+00,-8.762090653181076050e-02,1.923760652542114258e+00,1.139682054519653320e+00,2.614629082381725311e-02,-2.828336134552955627e-02
-8.689235983183607459e-05,-2.214545747847296298e-05,1.987206487683579326e-04,-4.989909712094231509e-07,-8.627443760633468628e-02,-1.154981255531311035e+00,-1.003510504961013794e-01,-2.861780881881713867e+00,-8.785925805568695068e-02,1.964649438858032227e+00,1.130443930625915527e+00,2.601585164666175842e-02,-2.828132547438144684e-02
-8.697150042280554771e-05,-2.182505704695358872e-05,1.983413239941000938e-04,-4.867807774644461460e-07,-8.702319860458374023e-02,-1.136830806732177734e+00,-1.020166426897048950e-01,-2.878123521804809570e+00,-8.779592812061309814e-02,1.994910836219787598e+00,1.123890757560729980e+00,2.589713409543037415e-02,-2.828135155141353607e-02
-8.702727063791826367e-05,-2.155321453756187111e-05,1.989461015909910202e-04,-4.926490646539605223e-07,-8.831025660037994385e-02,-1.125452637672424316e+00,-1.030476093292236328e-01,-2.895680189132690430e+00,-8.780384063720703125e-02,2.020361185073852539e+00,1.119573116302490234e+00,2.578381262719631195e-02,-2.828492783010005951e-02
-8.699722093297168612e-05,-2.151379521819762886e-05,1.982997200684621930e-04,-1.088484054889704566e-06,-8.969271183013916016e-02,-1.119262337684631348e+00,-1.033644452691078186e-01,-2.909258842468261719e+00,-8.749698847532272339e-02,2.040969848632812500e+00,1.115306973457336426e+00,2.567429468035697937e-02,-2.828767895698547363e-02
-8.634427649667486548e-05,-2.298515209986362606e-05,2.028060698648914695e-04,-2.309115814114193199e-07,-9.193671494722366333e-02,-1.092721223831176758e+00,-1.120464205741882324e-01,-2.910377979278564453e+00,-9.218908101320266724e-02,2.080573797225952148e+00,1.100364923477172852e+00,2.557111345231533051e-02,-2.828933671116828918e-02
-8.621640154160559177e-05,-2.392607348156161606e-05,2.013895718846470118e-04,3.435924966765924182e-08,-9.309009462594985962e-02,-1.043478250503540039e+00,-1.242955401539802551e-01,-2.898197412490844727e+00,-9.542481601238250732e-02,2.124875783920288086e+00,1.079301834106445312e+00,2.548300288617610931e-02,-2.828447706997394562e-02
-8.655594137962907553e-05,-2.368463901802897453e-05,1.970031444216147065e-04,-5.345070803741691634e-07,-9.118210524320602417e-02,-9.941607117652893066e-01,-1.280645728111267090e-01,-2.879530906677246094e+00,-9.261673688888549805e-02,2.154398918151855469e+00,1.066693425178527832e+00,2.538924477994441986e-02,-2.829954773187637329e-02
-8.661030005896463990e-05,-2.349371970922220498e-05,1.969527220353484154e-04,-1.707825987296018866e-07,-8.758254349231719971e-02,-9.528759121894836426e-01,-1.267304122447967529e-01,-2.862902879714965820e+00,-8.832844346761703491e-02,2.174100160598754883e+00,1.063158035278320312e+00,2.529778890311717987e-02,-2.831469662487506866e-02
-8.668776717968285084e-05,-2.323311309737619013e-05,1.976351195480674505e-04,-2.713677815791015746e-07,-8.596508204936981201e-02,-9.197168350219726562e-01,-1.271657794713973999e-01,-2.864164352416992188e+00,-8.761039376258850098e-02,2.201422452926635742e+00,1.062804579734802246e+00,2.521132677793502808e-02,-2.832718752324581146e-02
-8.668322698213160038e-05,-2.285450864292215556e-05,1.984442351385951042e-04,1.094487789288223212e-08,-8.544524759054183960e-02,-8.933054804801940918e-01,-1.274451166391372681e-01,-2.871535778045654297e+00,-8.736923336982727051e-02,2.232428073883056641e+00,1.062782168388366699e+00,2.515460737049579620e-02,-2.835126221179962158e-02
-8.660175808472558856e-05,-2.261809095216449350e-05,1.995706261368468404e-04,3.553588783233863069e-07,-8.544427156448364258e-02,-8.748090863227844238e-01,-1.278456449508666992e-01,-2.879213809967041016e+00,-8.729338645935058594e-02,2.255289077758789062e+00,1.062107682228088379e+00,2.510933950543403625e-02,-2.837151661515235901e-02
-8.661800529807806015e-05,-2.246604526590090245e-05,1.996361534111201763e-04,-3.427731201099959435e-07,-8.605802804231643677e-02,-8.634949326515197754e-01,-1.276777386665344238e-01,-2.885736465454101562e+00,-8.807378262281417847e-02,2.264278650283813477e+00,1.062336564064025879e+00,2.517537958920001984e-02,-2.831940725445747375e-02
-8.665040513733401895e-05,-2.283658795931842178e-05,1.985627895919606090e-04,-4.949512799612421077e-07,-8.631967008113861084e-02,-8.445511460304260254e-01,-1.252572834491729736e-01,-2.881976604461669922e+00,-9.008892625570297241e-02,2.249994039535522461e+00,1.063814759254455566e+00,2.641148678958415985e-02,-2.820517122745513916e-02
-8.656585123389959335e-05,-2.237168519059196115e-05,1.995848579099401832e-04,8.756729386050210451e-08,-8.583918213844299316e-02,-8.288493752479553223e-01,-1.229051053524017334e-01,-2.868402957916259766e+00,-8.991680294275283813e-02,2.231705904006958008e+00,1.064269065856933594e+00,3.748348727822303772e-02,-3.748309612274169922e-02
-8.649608207633718848e-05,-2.180541923735290766e-05,2.008978044614195824e-04,1.123844299399934243e-06,-8.516532182693481445e-02,-8.252939581871032715e-01,-1.228246316313743591e-01,-2.862183809280395508e+00,-8.965672552585601807e-02,2.226325273513793945e+00,1.064269900321960449e+00,3.898024186491966248e-02,-3.918833658099174500e-02
-8.659187733428552747e-05,-2.082336686726193875e-05,2.008716110140085220e-04,-6.436857233893533703e-07,-8.439967036247253418e-02,-8.392082452774047852e-01,-1.205831468105316162e-01,-2.845774888992309570e+00,-8.800292015075683594e-02,2.197864770889282227e+00,1.064279675483703613e+00,3.919450938701629639e-02,-3.936386853456497192e-02
-8.640735904918983579e-05,-2.002171822823584080e-05,2.037904923781752586e-04,-2.222762773840258888e-08,-8.358164131641387939e-02,-8.798852562904357910e-01,-1.173775717616081238e-01,-2.805031538009643555e+00,-8.168549090623855591e-02,2.117109775543212891e+00,1.062685370445251465e+00,3.936602920293807983e-02,-3.947611153125762939e-02
-8.370276918867602944e-05,-2.023067281697876751e-05,2.366721309954300523e-04,5.577766842179698870e-06,-8.580331504344940186e-02,-9.166905879974365234e-01,-1.610403358936309814e-01,-2.776157855987548828e+00,-4.439630731940269470e-02,2.040357112884521484e+00,1.024353384971618652e+00,3.950188308954238892e-02,-3.956823796033859253e-02
-8.392526797251775861e-05,-2.014602796407416463e-05,2.319013292435556650e-04,5.631003659800626338e-06,-9.769751131534576416e-02,-9.392489194869995117e-01,-2.579889595508575439e-01,-2.773503303527832031e+00,-1.416269876062870026e-02,2.008080244064331055e+00,9.469395875930786133e-01,3.963115066289901733e-02,-3.962215781211853027e-02
-8.548094774596393108e-05,-2.030787254625465721e-05,2.135816757800057530e-04,5.522874744201544672e-06,-1.077988445758819580e-01,-9.644404649734497070e-01,-3.141195178031921387e-01,-2.776314020156860352e+00,-1.227314397692680359e-02,1.992665410041809082e+00,9.031139612197875977e-01,3.975510969758033752e-02,-3.964518755674362183e-02
-8.566152973799034953e-05,-2.064669570245314389e-05,2.120949648087844253e-04,6.146160103526199237e-06,-1.136996448040008545e-01,-9.869847893714904785e-01,-3.401171863079071045e-01,-2.790651082992553711e+00,-1.524090114980936050e-02,2.023821592330932617e+00,8.774173259735107422e-01,3.986046463251113892e-02,-3.965787589550018311e-02
-8.486156730214133859e-05,-2.076794589811470360e-05,2.227335353381931782e-04,7.751824341539759189e-06,-1.222723200917243958e-01,-1.010073781013488770e+00,-3.794094324111938477e-01,-2.814441919326782227e+00,-1.251649670302867889e-02,2.071245193481445312e+00,8.398665189743041992e-01,3.994728624820709229e-02,-3.966588526964187622e-02
-8.405996777582913637e-05,-2.180386400141287595e-05,2.236554137198254466e-04,3.317413757031317800e-06,-1.289160400629043579e-01,-1.002121090888977051e+00,-4.470619857311248779e-01,-2.819450139999389648e+00,5.672181956470012665e-03,2.091317176818847656e+00,7.904251813888549805e-01,4.001069813966751099e-02,-3.966212645173072815e-02
-8.385593537241220474e-05,-2.281001252413261682e-05,2.171063097193837166e-04,-1.968387408624039381e-07,-1.256791800260543823e-01,-9.631555080413818359e-01,-5.113587975502014160e-01,-2.796869993209838867e+00,3.789721056818962097e-02,2.095116853713989258e+00,7.396411895751953125e-01,4.001691192388534546e-02,-3.964499756693840027e-02
-8.387443085666745901e-05,-2.416909046587534249e-05,2.067937602987512946e-04,-3.210978434253775049e-07,-1.072637736797332764e-01,-8.964407444000244141e-01,-5.615264773368835449e-01,-2.768090963363647461e+00,8.952537178993225098e-02,2.115005731582641602e+00,6.901944875717163086e-01,4.001913592219352722e-02,-3.961911052465438843e-02
-8.501599950250238180e-05,-2.472046799084637314e-05,1.916054898174479604e-04,2.728186245803954080e-07,-8.054111152887344360e-02,-8.185363411903381348e-01,-5.951492190361022949e-01,-2.744400501251220703e+00,1.434330046176910400e-01,2.143902540206909180e+00,6.423956751823425293e-01,4.002097994089126587e-02,-3.958832845091819763e-02
-8.568706834921613336e-05,-2.441291871946305037e-05,1.890818093670532107e-04,4.633589583136199508e-07,-5.695791542530059814e-02,-7.515287995338439941e-01,-6.043504476547241211e-01,-2.734303951263427734e+00,1.807027906179428101e-01,2.187162637710571289e+00,6.087116003036499023e-01,4.002129659056663513e-02,-3.956086933612823486e-02
-8.579344284953549504e-05,-2.306003625562880188e-05,1.980532542802393436e-04,1.471877453695924487e-06,-4.177784547209739685e-02,-7.060927152633666992e-01,-6.108190417289733887e-01,-2.728612184524536133e+00,2.168280780315399170e-01,2.222176074981689453e+00,5.726515054702758789e-01,4.002115875482559204e-02,-3.953926637768745422e-02
-8.600549335824325681e-05,-2.297780883964151144e-05,1.970505545614287257e-04,3.049561200896278024e-06,-3.084153495728969574e-02,-6.738858819007873535e-01,-6.198479533195495605e-01,-2.737861156463623047e+00,2.595158517360687256e-01,2.271836280822753906e+00,5.222816467285156250e-01,4.002153128385543823e-02,-3.952029347419738770e-02
-8.610487566329538822e-05,-2.284134825458750129e-05,1.969899749383330345e-04,2.162626287827151828e-06,-1.980268582701683044e-02,-6.440656185150146484e-01,-6.258215308189392090e-01,-2.749587774276733398e+00,3.053042590618133545e-01,2.321675300598144531e+00,4.723884165287017822e-01,4.002204164862632751e-02,-3.950239345431327820e-02
-8.842440001899376512e-05,-2.362318082305137068e-05,1.740545849315822124e-04,9.517270882497541606e-06,-1.465822476893663406e-02,-6.266328692436218262e-01,-6.300345659255981445e-01,-2.754592657089233398e+00,3.395892977714538574e-01,2.348069906234741211e+00,4.336372017860412598e-01,4.002234712243080139e-02,-3.948669508099555969e-02
-9.555649012327194214e-05,-2.787072844512294978e-05,9.227055124938488007e-05,3.292788096587173641e-05,-1.426781527698040009e-02,-6.177228093147277832e-01,-6.303595900535583496e-01,-2.750483751296997070e+00,3.561486601829528809e-01,2.353089332580566406e+00,4.152740240097045898e-01,4.002268239855766296e-02,-3.947247564792633057e-02
-9.789627802092581987e-05,-2.928504727606195956e-05,6.673553434666246176e-05,4.118540164199657738e-05,-1.709100790321826935e-02,-6.191865801811218262e-01,-6.239210367202758789e-01,-2.750251531600952148e+00,3.562141954898834229e-01,2.354429244995117188e+00,4.134055674076080322e-01,3.079319559037685394e-02,-2.970761433243751526e-02
-9.775420039659366012e-05,-2.919714643212500960e-05,6.855106039438396692e-05,4.128282307647168636e-05,-1.997927017509937286e-02,-6.199766397476196289e-01,-6.214452981948852539e-01,-2.751008272171020508e+00,3.563915193080902100e-01,2.353672504425048828e+00,4.134209752082824707e-01,1.152547262609004974e-02,-1.037668250501155853e-02
-9.659957140684127808e-05,-2.429480264254380018e-05,9.526561188977211714e-05,3.677216955111362040e-05,-3.106677904725074768e-02,-6.406785845756530762e-01,-6.246794462203979492e-01,-2.751380443572998047e+00,3.490155339241027832e-01,2.326454877853393555e+00,4.185763299465179443e-01,8.234362117946147919e-03,-6.285964976996183395e-03
-9.579370089340955019e-05,-2.167340971936937422e-05,1.007694518193602562e-04,2.827886783052235842e-05,-4.271520301699638367e-02,-6.802949905395507812e-01,-6.389991641044616699e-01,-2.740188360214233398e+00,3.609324991703033447e-01,2.251737117767333984e+00,4.214463829994201660e-01,6.354705430567264557e-03,-4.622265696525573730e-03
-9.704445983516052365e-05,-2.443021730869077146e-05,7.891456334618851542e-05,2.928182402683887631e-05,-3.412328660488128662e-02,-6.964319944381713867e-01,-6.777256727218627930e-01,-2.740251541137695312e+00,4.437938928604125977e-01,2.214414358139038086e+00,3.697182834148406982e-01,8.453102782368659973e-03,-3.700691740959882736e-03
-1.015176821965724230e-04,-2.508112265786621720e-05,2.607909300422761589e-05,2.134538044629152864e-05,-1.743002794682979584e-02,-6.896595358848571777e-01,-7.315031886100769043e-01,-2.730477571487426758e+00,5.444883108139038086e-01,2.148091316223144531e+00,3.301615118980407715e-01,9.973872452974319458e-03,-4.672152921557426453e-03
-1.018786715576425195e-04,-2.498271351214498281e-05,2.157892231480218470e-05,-1.533078375359764323e-06,-1.230843830853700638e-03,-6.829401850700378418e-01,-7.755510210990905762e-01,-2.718173265457153320e+00,6.412045359611511230e-01,2.056940793991088867e+00,3.183142542839050293e-01,1.013827230781316757e-02,-4.741319455206394196e-03
-1.026237659971229732e-04,-2.480348484823480248e-05,1.264378988707903773e-05,-4.416560841491445899e-06,5.524894222617149353e-03,-6.912642717361450195e-01,-7.898024916648864746e-01,-2.700611591339111328e+00,7.011816501617431641e-01,1.980450034141540527e+00,3.276852071285247803e-01,1.032581273466348648e-02,-4.783995449542999268e-03
-1.034067754517309368e-04,-2.455070534779224545e-05,5.965428499621339142e-06,-4.014227215520804748e-06,4.165912047028541565e-03,-7.147601246833801270e-01,-7.738576531410217285e-01,-2.692595481872558594e+00,7.331826686859130859e-01,1.934115529060363770e+00,3.692961335182189941e-01,1.051988266408443451e-02,-4.808857105672359467e-03
-1.044010205077938735e-04,-2.447942279104609042e-05,-5.166967184777604416e-06,-4.210227416479028761e-06,1.809113658964633942e-03,-7.467411160469055176e-01,-7.416653037071228027e-01,-2.703491210937500000e+00,7.747027277946472168e-01,1.909361720085144043e+00,4.129426777362823486e-01,1.070314459502696991e-02,-4.830154124647378922e-03
-1.051559738698415458e-04,-2.431233951938338578e-05,-1.167519894806900993e-05,-4.625903329724678770e-06,-1.949134049937129021e-03,-7.871651649475097656e-01,-6.923226118087768555e-01,-2.730202198028564453e+00,8.304941654205322266e-01,1.900268554687500000e+00,4.640223383903503418e-01,1.092538796365261078e-02,-4.886164795607328415e-03
-1.058099078363738954e-04,-2.408836735412478447e-05,-1.685641109361313283e-05,-4.983630333299515769e-06,-1.021447498351335526e-02,-8.377396464347839355e-01,-6.155858635902404785e-01,-2.750112056732177734e+00,8.643228411674499512e-01,1.905864119529724121e+00,5.380181670188903809e-01,1.108407694846391678e-02,-4.904019646346569061e-03
-1.059546921169385314e-04,-2.379344186920206994e-05,-1.569509731780271977e-05,-4.397544671519426629e-06,-1.768019609153270721e-02,-8.952240347862243652e-01,-5.219386816024780273e-01,-2.761022806167602539e+00,8.993470072746276855e-01,1.922303795814514160e+00,6.166785955429077148e-01,1.122870855033397675e-02,-4.946704953908920288e-03
-1.055861575878225267e-04,-2.267325544380582869e-05,-5.844972747581778094e-06,-4.161534889135509729e-06,-2.970631606876850128e-02,-9.604167342185974121e-01,-4.428831934928894043e-01,-2.772185564041137695e+00,9.065105915069580078e-01,1.933855772018432617e+00,6.835525631904602051e-01,1.135331392288208008e-02,-5.039097275584936142e-03
-1.049008205882273614e-04,-2.271920857310760766e-05,-6.702940709146787412e-07,-4.454083409655140713e-06,-4.152304306626319885e-02,-1.032078623771667480e+00,-3.786604106426239014e-01,-2.778990268707275391e+00,9.113831520080566406e-01,1.939438581466674805e+00,7.433123588562011719e-01,1.148490887135267258e-02,-5.095607135444879532e-03
-1.043347219820134342e-04,-2.280901571793947369e-05,3.574049969756742939e-06,-4.414671366248512641e-06,-4.818461462855339050e-02,-1.096140265464782715e+00,-3.342917561531066895e-01,-2.773169279098510742e+00,9.230522513389587402e-01,1.934684038162231445e+00,8.011687994003295898e-01,1.159696932882070541e-02,-5.173981655389070511e-03
-1.044228556565940380e-04,-2.347372537769842893e-05,-1.607887497812043875e-06,-4.873635589319746941e-06,-5.005158483982086182e-02,-1.147424340248107910e+00,-2.958168387413024902e-01,-2.754221200942993164e+00,9.310449361801147461e-01,1.926659345626831055e+00,8.606952428817749023e-01,1.171513274312019348e-02,-5.246299784630537033e-03
-1.043714146362617612e-04,-2.385240804869681597e-05,-4.114421244594268501e-06,-5.134800630912650377e-06,-4.461188614368438721e-02,-1.176795244216918945e+00,-2.487630248069763184e-01,-2.714405059814453125e+00,9.506780505180358887e-01,1.924781799316406250e+00,9.214426279067993164e-01,1.187400892376899719e-02,-5.347188562154769897e-03
-1.037837791955098510e-04,-2.452690750942565501e-05,-6.196064106234189239e-08,-3.806138010986614972e-06,-3.685863316059112549e-02,-1.191724419593811035e+00,-2.142324596643447876e-01,-2.663337945938110352e+00,9.594139456748962402e-01,1.911338329315185547e+00,9.759466648101806641e-01,1.201732829213142395e-02,-5.499601829797029495e-03
-1.031365027301944792e-04,-2.501446942915208638e-05,5.112289727549068630e-06,-3.618958089646184817e-06,-3.444546088576316833e-02,-1.200673937797546387e+00,-2.103408426046371460e-01,-2.662286996841430664e+00,9.466744661331176758e-01,1.908847451210021973e+00,9.880310297012329102e-01,1.209019590169191360e-02,-5.629964172840118408e-03
-1.031194697134196758e-04,-2.505604243197012693e-05,5.743656856793677434e-06,-4.334991899668239057e-06,-3.233126178383827209e-02,-1.203492283821105957e+00,-2.102962285280227661e-01,-2.671697378158569336e+00,9.441055059432983398e-01,1.913740038871765137e+00,9.840682148933410645e-01,1.220051664859056473e-02,-5.725405644625425339e-03
-1.030985295074060559e-04,-2.502780807844828814e-05,6.479516287072328851e-06,-4.436294602783164009e-06,-3.111570514738559723e-02,-1.205279469490051270e+00,-2.103015929460525513e-01,-2.676164865493774414e+00,9.436444640159606934e-01,1.916734337806701660e+00,9.820978045463562012e-01,1.231243554502725601e-02,-5.821456667035818100e-03
-1.305303303524851799e-04,-2.504335861885920167e-05,-7.112530511221848428e-06,-4.288601758162258193e-06,-3.045036643743515015e-02,-1.205506920814514160e+00,-2.104325592517852783e-01,-2.676538944244384766e+00,9.430341720581054688e-01,1.917259573936462402e+00,9.820875525474548340e-01,1.241656858474016190e-02,-5.917686503380537033e-03
-4.368003283161669970e-05,-2.091544592985883355e-04,5.925426259636878967e-03,-4.205519871902652085e-06,-3.091988898813724518e-02,-1.205460429191589355e+00,-2.125809937715530396e-01,-2.676465511322021484e+00,9.414321184158325195e-01,1.917682766914367676e+00,9.819313287734985352e-01,1.250904984772205353e-02,-6.000010762363672256e-03
1.558759529143571854e-02,-3.408430202398449183e-04,1.734434068202972412e-02,-4.374186573841143399e-06,-2.749855816364288330e-02,-1.202961444854736328e+00,-2.192691862583160400e-01,-2.675006389617919922e+00,9.375274181365966797e-01,1.916978597640991211e+00,9.794767498970031738e-01,1.260413415729999542e-02,-6.061145570129156113e-03
1.003412902355194092e-01,-4.206007288303226233e-04,1.886749267578125000e-02,-4.108826942683663219e-06,-1.862666755914688110e-02,-1.198899745941162109e+00,-2.266522198915481567e-01,-2.670587062835693359e+00,9.311819672584533691e-01,1.917037248611450195e+00,9.796944260597229004e-01,1.271899417042732239e-02,-6.096617784351110458e-03
2.404819428920745850e-01,-8.161871228367090225e-04,2.883509546518325806e-02,-3.728579486050875857e-06,-1.676199585199356079e-02,-1.198339581489562988e+00,-2.285946458578109741e-01,-2.668630599975585938e+00,9.268185496330261230e-01,1.918340563774108887e+00,9.818623661994934082e-01,1.280690263956785202e-02,-6.126302760094404221e-03
3.615195453166961670e-01,-1.047228579409420490e-03,7.776134461164474487e-02,-3.958322849939577281e-06,-2.625812776386737823e-02,-1.199561476707458496e+00,-2.327295243740081787e-01,-2.669565200805664062e+00,9.239211082458496094e-01,1.916611909866333008e+00,9.793512821197509766e-01,1.286636572331190109e-02,-6.174354348331689835e-03
4.582131206989288330e-01,-1.455173478461802006e-03,1.431678384542465210e-01,-4.106809683435130864e-06,-3.140018135309219360e-02,-1.196002602577209473e+00,-2.382933348417282104e-01,-2.668243646621704102e+00,9.224798083305358887e-01,1.911080002784729004e+00,9.724376201629638672e-01,1.291097141802310944e-02,-6.220765877515077591e-03
5.355216264724731445e-01,-2.913250587880611420e-03,2.114749252796173096e-01,-3.958083198085660115e-06,-3.373032435774803162e-02,-1.193377375602722168e+00,-2.402492016553878784e-01,-2.666038751602172852e+00,9.216365814208984375e-01,1.907854914665222168e+00,9.705095291137695312e-01,1.294634770601987839e-02,-6.271251011639833450e-03
5.868874788284301758e-01,-5.230709910392761230e-03,2.754634320735931396e-01,-4.225139491609297693e-06,-3.344912454485893250e-02,-1.191786527633666992e+00,-2.381282150745391846e-01,-2.665654420852661133e+00,9.232657551765441895e-01,1.905641317367553711e+00,9.691631197929382324e-01,1.296600699424743652e-02,-6.331198383122682571e-03
6.179547309875488281e-01,-2.283084578812122345e-02,3.236451148986816406e-01,-3.918264155799988657e-06,-3.401779755949974060e-02,-1.193051934242248535e+00,-2.347138673067092896e-01,-2.665892124176025391e+00,9.258331060409545898e-01,1.907176613807678223e+00,9.710178375244140625e-01,1.299810688942670822e-02,-6.387861911207437515e-03
6.306983828544616699e-01,-2.353578060865402222e-02,4.197754859924316406e-01,-4.384335170470876619e-06,-3.992607817053794861e-02,-1.192925214767456055e+00,-2.451947927474975586e-01,-2.666042327880859375e+00,9.192392230033874512e-01,1.905409574508666992e+00,9.667699933052062988e-01,1.302836742252111435e-02,-6.438334472477436066e-03
6.311013698577880859e-01,-2.661187574267387390e-02,5.181692838668823242e-01,-4.255668045516358688e-06,-3.813702613115310669e-02,-1.186880946159362793e+00,-2.529079914093017578e-01,-2.661214590072631836e+00,9.146572947502136230e-01,1.900249123573303223e+00,9.623392224311828613e-01,1.302591990679502487e-02,-6.517899688333272934e-03
6.343140602111816406e-01,-2.850381843745708466e-02,6.060594320297241211e-01,-4.122940481465775520e-06,-3.500596806406974792e-02,-1.185883641242980957e+00,-2.531012594699859619e-01,-2.659305572509765625e+00,9.135987758636474609e-01,1.899062871932983398e+00,9.632229208946228027e-01,1.304922997951507568e-02,-6.574391853064298630e-03
6.510491371154785156e-01,-3.029956854879856110e-02,6.960477828979492188e-01,-4.143211299378890544e-06,-3.400956094264984131e-02,-1.186451435089111328e+00,-2.544903457164764404e-01,-2.659253597259521484e+00,9.122237563133239746e-01,1.900383830070495605e+00,9.643148779869079590e-01,1.310903951525688171e-02,-6.596720777451992035e-03
6.607421040534973145e-01,-3.242906183004379272e-02,7.940443158149719238e-01,-4.141159479331690818e-06,-3.487737849354743958e-02,-1.185844302177429199e+00,-2.545403540134429932e-01,-2.659241914749145508e+00,9.115256667137145996e-01,1.900448203086853027e+00,9.642091989517211914e-01,1.314939465373754501e-02,-6.639281753450632095e-03
6.609097719192504883e-01,-3.260402753949165344e-02,8.997332453727722168e-01,-4.235571395838633180e-06,-3.570476546883583069e-02,-1.186102628707885742e+00,-2.575224637985229492e-01,-2.659141778945922852e+00,9.097840189933776855e-01,1.899941921234130859e+00,9.636148810386657715e-01,1.319209020584821701e-02,-6.674984470009803772e-03
6.618574261665344238e-01,-3.807545453310012817e-02,9.952718019485473633e-01,-4.291105597076239064e-06,-3.323518112301826477e-02,-1.185507774353027344e+00,-2.574392557144165039e-01,-2.658835649490356445e+00,9.098127484321594238e-01,1.899936437606811523e+00,9.636079072952270508e-01,1.323821116238832474e-02,-6.708947010338306427e-03
6.690903306007385254e-01,-7.151278108358383179e-02,1.077295303344726562e+00,-4.147660092712612823e-06,-2.860930748283863068e-02,-1.184094071388244629e+00,-2.570038735866546631e-01,-2.657677412033081055e+00,9.098240137100219727e-01,1.900474071502685547e+00,9.641779065132141113e-01,1.329264696687459946e-02,-6.737994495779275894e-03
6.811166405677795410e-01,-1.365313380956649780e-01,1.143387436866760254e+00,-4.091767550562508404e-06,-2.445242181420326233e-02,-1.184417009353637695e+00,-2.535318136215209961e-01,-2.657600641250610352e+00,9.111877679824829102e-01,1.902617931365966797e+00,9.671432375907897949e-01,1.334883086383342743e-02,-6.764334160834550858e-03
6.880324482917785645e-01,-2.227673232555389404e-01,1.211659073829650879e+00,-4.087289653398329392e-06,-2.449374273419380188e-02,-1.184932947158813477e+00,-2.519767582416534424e-01,-2.657806158065795898e+00,9.115417599678039551e-01,1.903660774230957031e+00,9.684340953826904297e-01,1.339527312666177750e-02,-6.791844032704830170e-03
6.882409453392028809e-01,-3.230134546756744385e-01,1.280690431594848633e+00,-4.051545147376600653e-06,-2.509182691574096680e-02,-1.185702919960021973e+00,-2.516222000122070312e-01,-2.658130407333374023e+00,9.117665290832519531e-01,1.903730630874633789e+00,9.685102701187133789e-01,1.344307977706193924e-02,-6.814739201217889786e-03
6.882773041725158691e-01,-4.288584887981414795e-01,1.325331211090087891e+00,-3.962763003073632717e-06,-2.325895242393016815e-02,-1.188478112220764160e+00,-2.420088797807693481e-01,-2.660668134689331055e+00,9.181386232376098633e-01,1.905799746513366699e+00,9.717945456504821777e-01,1.348147913813591003e-02,-6.844748742878437042e-03
6.895962953567504883e-01,-5.208575129508972168e-01,1.363960146903991699e+00,-3.861726327158976346e-06,-2.796971239149570465e-02,-1.197960376739501953e+00,-2.311540544033050537e-01,-2.667993783950805664e+00,9.249066710472106934e-01,1.912500023841857910e+00,9.772714376449584961e-01,1.353123132139444351e-02,-6.910895928740501404e-03
7.254754304885864258e-01,-5.419842004776000977e-01,1.410845875740051270e+00,-4.446765160537324846e-06,-3.620106726884841919e-02,-1.210545182228088379e+00,-2.207107990980148315e-01,-2.678443193435668945e+00,9.330237507820129395e-01,1.916763901710510254e+00,9.790631532669067383e-01,1.355075743049383163e-02,-6.969113368541002274e-03
8.041000366210937500e-01,-5.361512303352355957e-01,1.414733171463012695e+00,-4.368403551779920235e-06,-3.253772854804992676e-02,-1.213187694549560547e+00,-2.095131278038024902e-01,-2.682122707366943359e+00,9.425833821296691895e-01,1.921285271644592285e+00,9.824524521827697754e-01,1.358441263437271118e-02,-7.015721872448921204e-03
8.981642127037048340e-01,-5.152072310447692871e-01,1.415373563766479492e+00,-4.291582172299968079e-06,-3.129198029637336731e-02,-1.212290048599243164e+00,-2.075091749429702759e-01,-2.681862592697143555e+00,9.442003965377807617e-01,1.921697974205017090e+00,9.836164712905883789e-01,1.362127438187599182e-02,-7.060920819640159607e-03
1.009881973266601562e+00,-5.060291290283203125e-01,1.417189717292785645e+00,-4.152946530666667968e-06,-2.821369096636772156e-02,-1.210902810096740723e+00,-2.118675559759140015e-01,-2.680245876312255859e+00,9.415408372879028320e-01,1.921606659889221191e+00,9.836185574531555176e-01,1.367709226906299591e-02,-7.087517529726028442e-03
1.146370768547058105e+00,-5.058787465095520020e-01,1.419978141784667969e+00,-4.092605195182841271e-06,-2.672467194497585297e-02,-1.210613012313842773e+00,-2.123905271291732788e-01,-2.679675579071044922e+00,9.402744174003601074e-01,1.921626925468444824e+00,9.840469956398010254e-01,1.371950935572385788e-02,-7.117723580449819565e-03
1.289322972297668457e+00,-5.057730674743652344e-01,1.422299504280090332e+00,-4.088966761628398672e-06,-2.653991244733333588e-02,-1.209569334983825684e+00,-2.123602181673049927e-01,-2.679270505905151367e+00,9.402648210525512695e-01,1.921606183052062988e+00,9.840537905693054199e-01,1.375696063041687012e-02,-7.151359692215919495e-03
1.429796338081359863e+00,-5.058228969573974609e-01,1.424674272537231445e+00,-4.106768756173551083e-06,-2.651030011475086212e-02,-1.208763360977172852e+00,-2.123567759990692139e-01,-2.678863048553466797e+00,9.402563571929931641e-01,1.921473383903503418e+00,9.840505123138427734e-01,1.377699617296457291e-02,-7.170879747718572617e-03
1.561136245727539062e+00,-5.059756040573120117e-01,1.426839828491210938e+00,-4.108272150915581733e-06,-2.650528401136398315e-02,-1.207872271537780762e+00,-2.123586535453796387e-01,-2.678308248519897461e+00,9.402490854263305664e-01,1.921118974685668945e+00,9.840359091758728027e-01,1.379238814115524292e-02,-7.190625648945569992e-03
1.685480237007141113e+00,-5.061900019645690918e-01,1.428671836853027344e+00,-4.123799499211600050e-06,-2.650358527898788452e-02,-1.207804560661315918e+00,-2.123607397079467773e-01,-2.678138971328735352e+00,9.402396678924560547e-01,1.920992255210876465e+00,9.840261936187744141e-01,1.380886882543563843e-02,-7.209443487226963043e-03
1.806204676628112793e+00,-5.081040263175964355e-01,1.430476784706115723e+00,-4.142565103393280879e-06,-2.640422247350215912e-02,-1.207608103752136230e+00,-2.126810550689697266e-01,-2.678056716918945312e+00,9.401978850364685059e-01,1.920976758003234863e+00,9.840111732482910156e-01,1.382480189204216003e-02,-7.224793080240488052e-03
1.919464349746704102e+00,-5.183070898056030273e-01,1.432363867759704590e+00,-4.125956365896854550e-06,-2.601316757500171661e-02,-1.206978559494018555e+00,-2.132458537817001343e-01,-2.677649259567260742e+00,9.398733377456665039e-01,1.920917510986328125e+00,9.839760065078735352e-01,1.384019292891025543e-02,-7.238514721393585205e-03
2.020274400711059570e+00,-5.398105382919311523e-01,1.434070587158203125e+00,-4.160614025749964640e-06,-2.515808120369911194e-02,-1.205202937126159668e+00,-2.149180322885513306e-01,-2.676648378372192383e+00,9.390435814857482910e-01,1.920671939849853516e+00,9.832651615142822266e-01,1.385299395769834518e-02,-7.244582753628492355e-03
2.108099699020385742e+00,-5.728908181190490723e-01,1.435796141624450684e+00,-4.046171397931175306e-06,-2.475580386817455292e-02,-1.204594135284423828e+00,-2.152217626571655273e-01,-2.675645828247070312e+00,9.383242726325988770e-01,1.919870853424072266e+00,9.829605221748352051e-01,1.386812794953584671e-02,-7.258757948875427246e-03
2.193300008773803711e+00,-5.928124785423278809e-01,1.437631845474243164e+00,-4.082193299836944789e-06,-2.652305178344249725e-02,-1.206428050994873047e+00,-2.119960635900497437e-01,-2.676468372344970703e+00,9.393781423568725586e-01,1.919860601425170898e+00,9.835189580917358398e-01,1.386836823076009750e-02,-7.281486876308917999e-03
2.284202814102172852e+00,-5.934279561042785645e-01,1.439229369163513184e+00,-4.197128873784095049e-06,-2.816519699990749359e-02,-1.208426356315612793e+00,-2.109036445617675781e-01,-2.677861690521240234e+00,9.405963420867919922e-01,1.919957041740417480e+00,9.839635491371154785e-01,1.387813128530979156e-02,-7.261235732585191727e-03
2.378235101699829102e+00,-5.936411023139953613e-01,1.440647959709167480e+00,-4.205625828035408631e-06,-2.794673480093479156e-02,-1.207625150680541992e+00,-2.113317847251892090e-01,-2.677810668945312500e+00,9.406157732009887695e-01,1.919959187507629395e+00,9.839513897895812988e-01,1.389409322291612625e-02,-7.292437832802534103e-03
2.463796377182006836e+00,-5.928556919097900391e-01,1.444604754447937012e+00,-4.695347797678550705e-06,-2.835687808692455292e-02,-1.205777406692504883e+00,-2.113627344369888306e-01,-2.677739858627319336e+00,9.407746791839599609e-01,1.920828104019165039e+00,9.836660623550415039e-01,1.383179519325494766e-02,-7.386624347418546677e-03
2.462367773056030273e+00,-5.915673971176147461e-01,1.448013067245483398e+00,-3.942146122426493093e-06,-2.807585895061492920e-02,-1.196271657943725586e+00,-2.168034017086029053e-01,-2.670869588851928711e+00,9.394894838333129883e-01,1.912536859512329102e+00,9.768667817115783691e-01,1.386999897658824921e-02,-7.396223489195108414e-03
2.462350606918334961e+00,-5.913798213005065918e-01,1.448591709136962891e+00,-4.160219305049395189e-06,-2.810347639024257660e-02,-1.200409770011901855e+00,-2.148780375719070435e-01,-2.672203540802001953e+00,9.392155408859252930e-01,1.913883090019226074e+00,9.800409078598022461e-01,1.389711257070302963e-02,-7.406849879771471024e-03
2.462282657623291016e+00,-5.913574695587158203e-01,1.448636770248413086e+00,-4.310336407797876745e-06,-2.809886261820793152e-02,-1.204140543937683105e+00,-2.128930538892745972e-01,-2.675101041793823242e+00,9.400327801704406738e-01,1.916976690292358398e+00,9.817213416099548340e-01,1.391698978841304779e-02,-7.421012502163648605e-03
2.462264537811279297e+00,-5.913510322570800781e-01,1.448651552200317383e+00,-4.316941613069502637e-06,-2.805833145976066589e-02,-1.205038785934448242e+00,-2.124873697757720947e-01,-2.676020860671997070e+00,9.404002428054809570e-01,1.917876720428466797e+00,9.818404912948608398e-01,1.393533125519752502e-02,-7.433832157403230667e-03
2.462263584136962891e+00,-5.913506746292114258e-01,1.448651552200317383e+00,-4.129665285290684551e-06,-2.804519981145858765e-02,-1.205097079277038574e+00,-2.124633342027664185e-01,-2.680741786956787109e+00,9.385416507720947266e-01,1.918411374092102051e+00,9.791455268859863281e-01,1.394648384302854538e-02,-7.449944503605365753e-03
2.462263584136962891e+00,-5.913507342338562012e-01,1.448651790618896484e+00,-4.209650342090753838e-06,-2.804775722324848175e-02,-1.205911636352539062e+00,-2.131453156471252441e-01,-2.689675807952880859e+00,9.380781054496765137e-01,1.920182108879089355e+00,9.734370708465576172e-01,1.396129373461008072e-02,-7.462664507329463959e-03
2.462264299392700195e+00,-5.913514494895935059e-01,1.448663949966430664e+00,-3.494656311886501499e-06,-2.952684089541435242e-02,-1.211585283279418945e+00,-2.255156934261322021e-01,-2.703764200210571289e+00,9.449364542961120605e-01,1.924018383026123047e+00,9.665569663047790527e-01,1.397836580872535706e-02,-7.475808728486299515e-03
2.462263107299804688e+00,-5.913506150245666504e-01,1.448645710945129395e+00,-4.622759661288000643e-06,-3.226411342620849609e-02,-1.218989014625549316e+00,-2.450135201215744019e-01,-2.731887340545654297e+00,9.492196440696716309e-01,1.928109049797058105e+00,9.345611333847045898e-01,1.399514824151992798e-02,-7.491928990930318832e-03
2.462257146835327148e+00,-5.913478732109069824e-01,1.448619127273559570e+00,-4.642523890652228147e-06,-1.686586253345012665e-02,-1.187142252922058105e+00,-2.052518427371978760e-01,-2.764115571975708008e+00,1.012474656105041504e+00,1.957185268402099609e+00,8.617579340934753418e-01,1.402220036834478378e-02,-7.513179443776607513e-03
2.462248325347900391e+00,-5.913450121879577637e-01,1.448627352714538574e+00,-4.618279490387067199e-06,6.061858963221311569e-03,-1.124494552612304688e+00,-1.396147310733795166e-01,-2.794271230697631836e+00,1.105717062950134277e+00,2.006064176559448242e+00,7.789307832717895508e-01,1.405724044889211655e-02,-7.544995751231908798e-03
2.462241888046264648e+00,-5.913435220718383789e-01,1.448638796806335449e+00,-5.635365596390329301e-06,2.167883329093456268e-02,-1.034846901893615723e+00,-8.719238638877868652e-02,-2.799910068511962891e+00,1.171441197395324707e+00,2.069355964660644531e+00,7.115613818168640137e-01,1.408220827579498291e-02,-7.580726873129606247e-03
2.462235450744628906e+00,-5.913414955139160156e-01,1.448648214340209961e+00,-4.553166490950388834e-06,3.218805044889450073e-02,-9.223936796188354492e-01,-3.807898610830307007e-02,-2.768838405609130859e+00,1.204051852226257324e+00,2.123661041259765625e+00,6.734494566917419434e-01,1.411026623100042343e-02,-7.608271203935146332e-03
2.462229967117309570e+00,-5.913395881652832031e-01,1.448648691177368164e+00,-3.765929477594909258e-06,4.162246361374855042e-02,-8.082335591316223145e-01,-5.089892540127038956e-03,-2.741298198699951172e+00,1.270189046859741211e+00,2.163157701492309570e+00,5.948250889778137207e-01,1.410543639212846756e-02,-7.653478998690843582e-03
2.462227582931518555e+00,-5.913387537002563477e-01,1.448650836944580078e+00,-4.057757905684411526e-06,4.958518221974372864e-02,-6.800417304039001465e-01,2.764750272035598755e-02,-2.721585988998413086e+00,1.362444400787353516e+00,2.194365739822387695e+00,4.628064334392547607e-01,1.409909501671791077e-02,-7.697654422372579575e-03
2.462228536605834961e+00,-5.913388133049011230e-01,1.448651790618896484e+00,-4.283082489564549178e-06,5.092636123299598694e-02,-5.620551109313964844e-01,5.190751701593399048e-02,-2.704144001007080078e+00,1.456187725067138672e+00,2.203959941864013672e+00,3.050385415554046631e-01,1.409761793911457062e-02,-7.717886008322238922e-03
2.462228536605834961e+00,-5.913380980491638184e-01,1.448647022247314453e+00,-4.869640633842209354e-06,4.811359941959381104e-02,-4.642996490001678467e-01,7.279527932405471802e-02,-2.685846567153930664e+00,1.531854152679443359e+00,2.185805082321166992e+00,1.793811917304992676e-01,1.410749368369579315e-02,-7.709092460572719574e-03
2.462225437164306641e+00,-5.913370847702026367e-01,1.448644638061523438e+00,-4.663230811274843290e-06,4.457080736756324768e-02,-3.854251801967620850e-01,9.780470281839370728e-02,-2.657340764999389648e+00,1.582466483116149902e+00,2.154235363006591797e+00,1.061352044343948364e-01,1.411357242614030838e-02,-7.698306348174810410e-03
2.462222814559936523e+00,-5.913363099098205566e-01,1.448648452758789062e+00,-4.550256562652066350e-06,3.943763673305511475e-02,-3.098477125167846680e-01,1.204805895686149597e-01,-2.616598606109619141e+00,1.608373999595642090e+00,2.140580415725708008e+00,5.835672840476036072e-02,1.412192638963460922e-02,-7.695735432207584381e-03
2.462222099304199219e+00,-5.913360118865966797e-01,1.448652505874633789e+00,-4.334798177296761423e-06,3.504082560539245605e-02,-2.446445226669311523e-01,1.392712742090225220e-01,-2.571318387985229492e+00,1.622345685958862305e+00,2.143458843231201172e+00,3.201585263013839722e-02,1.413198094815015793e-02,-7.694019936025142670e-03
2.462218761444091797e+00,-5.913332104682922363e-01,1.448626518249511719e+00,1.136864625550515484e-06,3.245191276073455811e-02,-1.852439939975738525e-01,1.544090509414672852e-01,-2.523328304290771484e+00,1.632340550422668457e+00,2.156060218811035156e+00,2.298152819275856018e-02,1.286821998655796051e-02,-8.750975131988525391e-03
2.462210655212402344e+00,-5.913267731666564941e-01,1.448570370674133301e+00,1.312900985794840381e-05,3.181018307805061340e-02,-1.307260841131210327e-01,1.655317395925521851e-01,-2.472594022750854492e+00,1.632053375244140625e+00,2.165482759475708008e+00,2.729608118534088135e-02,1.119561679661273956e-02,-9.942161850631237030e-03
2.462200641632080078e+00,-5.913197398185729980e-01,1.448510527610778809e+00,3.466948328423313797e-05,3.111710958182811737e-02,-9.662339091300964355e-02,1.674442589282989502e-01,-2.436796188354492188e+00,1.606935262680053711e+00,2.175530195236206055e+00,4.877322167158126831e-02,1.000108104199171066e-02,-1.008418761193752289e-02
2.462185382843017578e+00,-5.913112163543701172e-01,1.448449373245239258e+00,7.451410783687606454e-05,3.411391749978065491e-02,-7.721805572509765625e-02,1.792618334293365479e-01,-2.398620367050170898e+00,1.542458415031433105e+00,2.210373401641845703e+00,1.088830307126045227e-01,8.715753443539142609e-03,-1.021981239318847656e-02
2.462183475494384766e+00,-5.913119316101074219e-01,1.448477625846862793e+00,7.640622061444446445e-05,3.685375675559043884e-02,-7.864910364151000977e-02,1.856513768434524536e-01,-2.385680675506591797e+00,1.507291078567504883e+00,2.225348949432373047e+00,1.438658386468887329e-01,9.471573866903781891e-03,-9.114832617342472076e-03
2.462187290191650391e+00,-5.913121104240417480e-01,1.448464393615722656e+00,7.221860141726210713e-05,3.733194619417190552e-02,-7.909891009330749512e-02,1.850081235170364380e-01,-2.384756803512573242e+00,1.501211524009704590e+00,2.224527120590209961e+00,1.457739174365997314e-01,1.006273180246353149e-02,-8.802514523267745972e-03
2.462188243865966797e+00,-5.913090109825134277e-01,1.448418617248535156e+00,8.094505756162106991e-05,3.681067004799842834e-02,-8.346411585807800293e-02,1.807225495576858521e-01,-2.386888265609741211e+00,1.495654582977294922e+00,2.218934535980224609e+00,1.451058536767959595e-01,2.161873690783977509e-02,-2.056594565510749817e-02
2.462185859680175781e+00,-5.913073420524597168e-01,1.448424339294433594e+00,8.240616443799808621e-05,3.470350801944732666e-02,-1.116917729377746582e-01,1.696056723594665527e-01,-2.415599584579467773e+00,1.487729310989379883e+00,2.203490972518920898e+00,1.445369273424148560e-01,3.798574209213256836e-02,-3.619983047246932983e-02
2.462183475494384766e+00,-5.913069248199462891e-01,1.448444366455078125e+00,8.185463957488536835e-05,2.847871184349060059e-02,-1.665151715278625488e-01,1.442274302244186401e-01,-2.472286462783813477e+00,1.473795175552368164e+00,2.180124521255493164e+00,1.367377489805221558e-01,3.983551636338233948e-02,-3.795467317104339600e-02
2.462182283401489258e+00,-5.913062691688537598e-01,1.448451995849609375e+00,7.913287845440208912e-05,1.768570207059383392e-02,-2.387857884168624878e-01,1.008812636137008667e-01,-2.533087015151977539e+00,1.446960091590881348e+00,2.142906904220581055e+00,1.216349452733993530e-01,4.002609476447105408e-02,-3.816886618733406067e-02
2.462182283401489258e+00,-5.913048386573791504e-01,1.448433876037597656e+00,7.214958168333396316e-05,8.264006115496158600e-03,-3.371570110321044922e-01,5.613454803824424744e-02,-2.588460206985473633e+00,1.400579333305358887e+00,2.094608068466186523e+00,1.366589665412902832e-01,4.003937169909477234e-02,-3.833004459738731384e-02
2.462181329727172852e+00,-5.913028120994567871e-01,1.448422551155090332e+00,6.929142546141520143e-05,8.112711831927299500e-03,-4.738949239253997803e-01,3.639827296137809753e-02,-2.635848522186279297e+00,1.376069426536560059e+00,2.063014268875122070e+00,1.522164940834045410e-01,4.004003107547760010e-02,-3.845429047942161560e-02
2.462178468704223633e+00,-5.913011431694030762e-01,1.448414325714111328e+00,6.722099351463839412e-05,1.000095345079898834e-02,-6.443387866020202637e-01,2.299548126757144928e-02,-2.696974992752075195e+00,1.325619220733642578e+00,2.019914388656616211e+00,2.234960496425628662e-01,4.003966227173805237e-02,-3.855555877089500427e-02
2.462176799774169922e+00,-5.913000106811523438e-01,1.448412179946899414e+00,6.332722114166244864e-05,1.016171276569366455e-02,-8.360925912857055664e-01,1.189436297863721848e-02,-2.742703914642333984e+00,1.208840370178222656e+00,1.962890148162841797e+00,3.625887632369995117e-01,4.003904759883880615e-02,-3.863935917615890503e-02
2.462175369262695312e+00,-5.912989974021911621e-01,1.448412775993347168e+00,6.076047429814934731e-05,1.062829606235027313e-02,-1.044277071952819824e+00,1.168943848460912704e-02,-2.772298097610473633e+00,1.079213738441467285e+00,1.906938791275024414e+00,5.189108848571777344e-01,4.003736004233360291e-02,-3.871436789631843567e-02
2.462172985076904297e+00,-5.912979245185852051e-01,1.448414325714111328e+00,5.767902257503010333e-05,1.188570447266101837e-02,-1.258260130882263184e+00,2.336847409605979919e-02,-2.783471345901489258e+00,9.420073032379150391e-01,1.826584100723266602e+00,6.765208244323730469e-01,4.003412276506423950e-02,-3.878988325595855713e-02
0.000000000000000000e+00,0.000000000000000000e+00,0.000000000000000000e+00,0.000000000000000000e+00,0.000000000000000000e+00,0.000000000000000000e+00,0.000000000000000000e+00,0.000000000000000000e+00,0.000000000000000000e+00,0.000000000000000000e+00,0.000000000000000000e+00,0.000000000000000000e+00,0.000000000000000000e+00
